<?xml version="1.0" encoding="UTF-8"?>

<beans xmlns="http://www.springframework.org/schema/beans"

	xmlns:context="http://www.springframework.org/schema/context"

	xmlns:xsi="http://www.w3.org/2001/XMLSchema-instance" xmlns:mvc="http://www.springframework.org/schema/mvc"

	xmlns:tx="http://www.springframework.org/schema/tx"



	xsi:schemaLocation="

        http://www.springframework.org/schema/beans    

        http://www.springframework.org/schema/beans/spring-beans-2.5.xsd

        http://www.springframework.org/schema/context

        http://www.springframework.org/schema/context/spring-context.xsd

        http://www.springframework.org/schema/mvc

        http://www.springframework.org/schema/mvc/spring-mvc.xsd

        http://www.springframework.org/schema/tx

        http://www.springframework.org/schema/tx/spring-tx-3.0.xsd"
        default-init-method="myinit" default-destroy-method="teardown"        
        >
        
       
        
<!-- ************************************AUTO WIRING**********init method*********destroy********* -->
	<bean id="point" class="com.cg.autowiring.Point">
	<property name="x" value="-10"></property>
		<property name="y" value="-20"></property>
	</bean>
	<bean id="circle" class="com.cg.autowiring.Circle" autowire="byName"/>
	<!-- <bean id="circle" class="com.cg.autowiring.Circle" autowire="byName" init-method="myinit" destroy-method="destroy"> -->
	<bean id="center" class="com.cg.Point">
		<property name="x" value="-10"></property>
		<property name="y" value="20"></property>
	</bean>
	<!-- ******************************************bean post processor************************************ -->
	<bean class="com.cg.autowiring.DisplayNameBeanProcessor"></bean>
	
	
	
	
	</beans>