<?xml version="1.0" encoding="UTF-8"?>

<beans xmlns="http://www.springframework.org/schema/beans"

	xmlns:context="http://www.springframework.org/schema/context"

	xmlns:xsi="http://www.w3.org/2001/XMLSchema-instance" xmlns:mvc="http://www.springframework.org/schema/mvc"

	xmlns:tx="http://www.springframework.org/schema/tx"



	xsi:schemaLocation="

        http://www.springframework.org/schema/beans    

        http://www.springframework.org/schema/beans/spring-beans-2.5.xsd

        http://www.springframework.org/schema/context

        http://www.springframework.org/schema/context/spring-context.xsd

        http://www.springframework.org/schema/mvc

        http://www.springframework.org/schema/mvc/spring-mvc.xsd

        http://www.springframework.org/schema/tx

        http://www.springframework.org/schema/tx/spring-tx-3.0.xsd">


	<!-- <bean id="triangle" class="com.cg.Triangle"> <constructor-arg value="Equilatrel"></constructor-arg> 
		<constructor-arg value="30" type="int"></constructor-arg> <constructor-arg 
		value="Equilatrel" index="0"></constructor-arg> <property name="type" value="RightAngled"></property> 
		<property name="height" value="30"></property> </bean> -->



	<!-- <bean id="triangle" class="com.cg.Triangle2"> <property name="pointA" 
		ref="zero"></property> <property name="pointB" ref="one"></property> <property 
		name="pointC" ref="two"></property> </bean> -->

	<!--  ************************** inner bean ************************ 
	<bean id="triangle" class="com.cg.Triangle2_Innerbean">
		<property name="pointA">
			<bean class="com.cg.Point">
				<property name="x" value="0" />
				<property name="y" value="0" />
			</bean>
		</property>
	</bean>

	<bean id="zero" class="com.cg.Point">
		<property name="x" value="10"></property>
		<property name="y" value="20"></property>
	</bean>


	<bean id="one" class="com.cg.Point">
		<property name="x" value="10"></property>
		<property name="y" value="20"></property>
	</bean>


	<bean id="two" class="com.cg.Point">
		<property name="x" value="10"></property>
		<property name="y" value="20"></property>
	</bean>-->
	
	
	<bean id="triangle" class="com.cg.Triangle3_collection">
		<property name="points">
			<list>											
			<ref bean="zero"/>  <value>300</value>
			<ref bean="one"/>
			<ref bean="two"/>
			</list>
		</property>
	</bean>

	<bean id="zero" class="com.cg.Point">
		<property name="x" value="-10"></property>
		<property name="y" value="20"></property>
	</bean>


	<bean id="one" class="com.cg.Point">
		<property name="x" value="10"></property>
		<property name="y" value="-20"></property>
	</bean>


	<bean id="two" class="com.cg.Point">
		<property name="x" value="-10"></property>
		<property name="y" value="-20"></property>
	</bean> 
	
	
	



</beans>